FormID,EN,ES,FR,IT,DE,PL,RU,ZH,JA,CZ,PT,TR,KR,UK,HU
000134AA,Thistle Branch,Ramita de cardo,Tige de chardon,Ramo di cardo,Distelzweig,Gałązka ostu,Ветка чертополоха,薊叢,シッスルの枝,Stonek bodláku,Ramo de Cardo,Deve Dikeni,엉겅퀴 줄기,Гілочка будяка,Bogáncshajtás
0001B3BD,Snowberries,Sinforicarpos,Givreboises,Baccaneve,Schneebeeren,Śnieżynki,Снежные ягоды,雪漿果,スノーベリー,Sněhulka,Amoras da Neve,Kar Üzümü,인동딸기,Сніжниці,Hóbogyó
0001BCBC,Jarrin Root,Raíz de jarrin,Racine de jarrin,Radice di jarrin,Jarrinwurzel,Korzeń jarrin,Корень жарницы,加林根,ジャリンの根,Jarrinský kořen,Raiz Jarrin,Musallat Kökü,자린 뿌리,Корінь подрази,Jarringyökér
00023D6F,Pine Thrush Egg,Huevo de zorzal,Oeuf de grive,Uovo di tordo,Drosselei,Jajo drozda,Яйцо соснового дрозда,松木畫眉蛋,パイン・スラッシュの卵,Vejce drozda sosnového,Ovo de Tordo Pinho,Ardıçkuşu Yumurtası,개똥지빠귀 알,Яйце соснового дрозда,Fenyõrigó-tojás
00023D77,Chicken's Egg,Huevo de gallina,Oeuf de poule,Uovo di gallina,Hühnerei,Jajo kurczaka,Куриное яйцо,雞蛋,鶏の卵,Slepičí vejce,Ovo de Galinha,Tavuk Yumurtası,달걀,Яйце курки,Tyúktojás
0002F44C,Nightshade,Belladama,Obscurcine,Belladonna,Tollkirsche,Psianka,Паслен,龍葵,ベラドンナ,Rulík,Belladama,İtüzümü,나이트쉐이드,Паслін,Csucsor
00034CDD,Bone Meal,Polvo de huesos,Farine d'os,Farina d'ossa,Knochenmehl,Mączka kostna,Костная мука,骨粉,骨の粉,Rozdrcené kosti,Pó de Osso,Kemik Tozu,뼛가루,Кісткове борошно,Csontliszt
00034CDF,Salt Pile,Montón de sal,Tas de sel,Mucchio di sali,Salz,Sól,Соль,鹽堆,塩,Hromádka soli,Porção de Sal,Tuz Yığını,소금 가루,Сіль,Marék só
00034D22,Garlic,Ajo,Ail,Aglio,Knoblauch,Czosnek,Чеснок,大蒜,ニンニク,Česnek,Alho,Sarımsak,마늘,Часничина,Fokhagyma
00034D31,Elves Ear,Oreja de elfo,Oreille d'Elfe,Orecchio di elfo,Elfenohr,Elfie ucho,Эльфийское ухо,精靈耳,エルフイヤー・リーフ,Elfí ucho,Orelha de Elfo,Elf Kulağı,엘프 잎사귀,Ельфові вуха,Elf fül
00034D32,Frost Mirriam,Mirriam de escarcha,Hivernelle,Mirra del gelo,Eismirriam,Mroźna Mirriam,Морозная мириам,寒霜甘草,フロスト・ミリアム,Ledová Miriam,Mirriam do Gelo,Kış Maydanozu,겨울초,Морозна міріям,Mirriam fagyfû
0003AD56,Chaurus Eggs,Huevos de cauro,Oeufs de chaurus,Uova di chaurus,Chauruseier,Jaja chaurusa,Яйцо коруса,巢蟻的卵,シャウラスの卵,Vajíčko chaura,Ovos de Chaurus,Çıyan Yumurtaları,챠루스 알,Яйце хоруса,Chaurus tojás
0003AD5B,Daedra Heart,Corazón de daedra,Coeur de Daedra,Cuore di daedra,Daedraherz,Serce daedry,Сердце даэдра,魔族的心臟,デイドラの心臓,Srdce daedry,Coração de Daedra,Daedra Kalbi,데이드라 심장,Серце даедра,Daedra szív
0003AD5D,Falmer Ear,Oreja de falmer,Oreille de Falmer,Orecchio di Falmer,Falmerohr,Ucho Falmera,Ухо фалмера,伐莫族的耳朵,ファルメルの耳,Falmeří ucho,Orelha de Falmer,Yitikelf Kulağı,팔머의 귀,Вухо фалмера,Falmer fül
0003AD5E,Fire Salts,Sales de fuego,Sels de feu,Sali del fuoco,Feuersalze,Sole ognia,Огненная соль,火鹽,炎の塩鉱石,Ohnivá sůl,Sais de Fogo,Ateş Tuzları,화염 소금,Солі вогню,Tûzsó
0003AD5F,Frost Salts,Sales de escarcha,Sels de givre,Sali del gelo,Frostsalze,Sole mrozu,Морозная соль,寒霜鹽,氷の塩鉱石,Ledové soli,Sais de Gelo,Ayaz Tuzu,냉기 소금,Солі морозу,Jégsó
0003AD60,Void Salts,Sales de vacío,Sels du Néant,Sali del vuoto,Salze der Leere,Sole pustki,Соль пустоты,虛無鹽,虚無の塩,Soli zapomnění,Sais Nulos,Hiçlik Tuzu,공허 소금,Солі порожнечі,Légsó
0003AD61,Briar Heart,Corazón de espino,Coeur de ronces,Cuore di rovo,Dornenherz,Serce róży,Вересковое сердце,荊棘之心,ブライア・ハート,Šípkové srdce,Coração de Espinhos,Funda Kalp,찔레 심장,Шипшинове серце,Hangaszív
0003AD63,Ectoplasm,Ectoplasma,Ectoplasme,Ectoplasma,Ektoplasma,Ektoplazma,Эктоплазма,靈質,エクトプラズム,Ektoplazma,Ectoplasma,Ektoplazma,심령체,Ектоплазма,Ektoplazma
0003AD64,Giant's Toe,Dedo del gigante,Orteil de géant,Dito di gigante,Riesenzeh,Paluch giganta,Палец великана,巨人的腳趾,巨人のつま先,Prst obra,Dedo de Gigante,Dev Parmağı,거인의 발가락,Палець велета,Óriás lábujj
0003AD66,Hagraven Feathers,Plumas de bruja cuervo,Plumes d'harfreuse,Piume di hagraven,Hexenrabenfedern,Pióra wiedźmokruka,Перья ворожеи,烏鴉鬼婆的羽毛,ハグレイヴンの羽,Pera vranice,Penas de Bruxa Harpia,Ucube Tüyleri,해그레이븐 깃털,Пір'я відьми-ворони,Hollóbanya tollak
0003AD6A,Ice Wraith Teeth,Dientes de espectro del hielo,Dent de spectre de glace,Dente di spettro del ghiaccio,Eisgeistzähne,Zęby lodowego upiora,Зубы ледяного привидения,冰怨靈的牙,氷の生霊の歯,Zuby ledového přízraku,Dentes de Espectro de Gelo,Buz Hayaleti Dişi,얼음 망령 이빨,Зуби крижаної примари,Jéglidérc fog
0003AD6F,Skeever Tail,Cola de skeever,Queue de ragnard,Coda di skeever,Skeeverschwanz,Ogon ślizgacza,Хвост злокрыса,惡鼠的尾巴,スキーヴァーの尻尾,Ocas kolčaváka,Cauda de Skeever,Sıçan Kuyruğu,스키버 꼬리,Хвіст пацюрви,Sivítófarok
0003AD70,Slaughterfish Scales,Escamas de pez asesino,Écailles de poisson carnassier,Squame di pesce macellaio,Schlachterfischschuppen,Łuski zębacza,Чешуя рыбы-убийцы,食人魚鱗,スローターフィッシュの鱗,Šupiny vraždomilky,Escamas de Peixe Assassino,Katilbalık Pulları,식인물고기 비늘,Луска риби-вбивці,Mészároshal-pikkelyek
0003AD71,Taproot,Raíz nudosa,Racine noueuse,Fittone,Pfahlwurzel,Korzeń palowy,Стержневой корень,直立根,主根,Mízový kořen,Taproot,Burgukök,곧은 뿌리,Стрижневий корінь,Szívgyökér
0003AD72,Troll Fat,Grasa de trol,Graisse de troll,Grasso di troll,Trollfett,Łój trolla,Жир тролля,巨魔脂肪,トロールの脂肪,Trollí sádlo,Gordura de Troll,Trol Yağı,트롤 지방,Тролячий лій,Trollháj
0003AD73,Glow Dust,Polvo brillante,Poussière luisante,Polvere luminosa,Glühstaub,Lśniącopył ,Светящаяся пыль,光塵,発光する塵,Zářivý prach,Pó Brilhante,Işık Tozu,빛나는 가루,Сяйливий пил,Csillámpor
0003AD76,Vampire Dust,Polvo de vampiro,Poussière de vampire,Polvere di vampiro,Vampirstaub,Wampirzy pył ,Прах вампира,吸血鬼灰燼,吸血鬼の遺灰,Upíří prach,Pó de Vampiro,Vampir Tozu,흡혈귀 가루,Порох вампіра,Vámpírpor
0003F7F8,Tundra Cotton,Cardo lanudo,Coton sauvage,Cotone della tundra,Tundrabaumwolle,Śnieżna bawełna,Пушица,苔原棉花,ツンドラの綿,Bavlník tundrový,Algodão da Tundra,Tundra Pamuğu,툰드라 목화,Тундровий бавовник,Tundragyapot
00045C28,Lavender,Lavanda,Lavande,Lavanda,Lavendel,Lawenda,Лаванда,薰衣草,ラベンダー,Levandule,Lavanda,Lavanta,라벤더,Лаванда,Levendula
0004B0BA,Wheat,Trigo,Blé,Grano,Weizen,Pszenica,Пшеница,小麥,小麦,Pšenice,Trigo,Buğday,밀,Пшениця,Búza
0004DA00,Fly Amanita,Amanita muscaria,Amanite tue-mouches,Amanita muscaria,Rauer Wulstling,Muchomor czerwony,Мухомор,毒蠅傘,ベニテングタケ,Muchomůrka červená,Amanita Voadora,Sinek Mantarı,광대 버섯,Маремуха,Légyölõ galóca
0004DA20,Bleeding Crown,Corona sangrante,Couronne sanglante,Corona insanguinata,Blutende Krone,Krwawiąca korona,Кровавый венец,鮮血王冠,出血の冠キノコ,Krevnička,Coroa Sangrenta,Kanayan Taç,붉은 광대 버섯,Кровотечна корона,Vérzõ koronagomba
0004DA22,White Cap,Champiñón,Chapeau-blanc,Fungo bianco,Weißkappe,Biały kapelusz,Белянка,白帽傘菌,白かさキノコ,Bílá čapka,Chapéu Branco,Akşapkalı Mantar,흰모자 버섯,Білошапка,Fehérkalap
0004DA23,Imp Stool,Heces de diablillo,Pied-de-lutin,Ceppo di folletto,Koboldschemel,Stolec chochlika,Бесовский гриб,小惡魔糞,木椅子キノコ,Ďáblíkova stolička,Banco de Imp,İblis Oturağı,임프 버섯,Бісова поганка,Koboldhajtás
0004DA24,Namira's Rot,Putrefacción de Namira,Truffe de Namira,Miceto di Namira,Namiras Fäulnis,Gnilec Namiry,Гниль Намиры,娜米拉腐菌,ナミラキノコ,Namiřin kořen,Namira Podre,Namira Mantarı,나미라의 곰팡이,Намірине гнилля,Namira korhadékgombája
0004DA25,Blisterwort,Ranúnculo encorvado,Cloquerille,Ranuncolo,Blasenpilz,Pęcherzyca,Лютый гриб,氣泡草,ブリスターワート,Puchýřnice,Blisterwort,Kabarık Mantar,왕그물 버섯,Пухирянка,Boglárhólyag
0004DA73,Torchbug Thorax,Tórax de luciérnaga,Thorax de Flammouche,Addome di lucciola,Fackelwürmchenbrust,Tułów pochodnika,Торакс светлячка,螢火蟲的胸殼,ホタルの腹部,Tělo světlušky,Tórax de Vaga-lume,Ateşböceği Gövdesi,형광벌레 가슴,Черевце блищака,Szentjánosbogár tor
0005076E,Juniper Berries,Frutos de enebro,Genièvres,Bacche di ginepro,Wacholderbeeren,Jagody jałowca,Ягоды можжевельника,刺柏漿果,ジュニパーベリー,Jalovcové bobule,Frutas de Juniper,Ardıç Üzümü,향나무 열매,Ялівцеві ягоди,Borókabogyó
000516C8,Deathbell,Campanilla de la muerte,Grelot-de-la-mort,Campanula mortale,Todesglockenblume,Dzwonecznik Kostuchy ,Ядовитый колокольчик,喪鐘花,デスベル,Smrtnička,Sino da Morte,Ecelçanı,데스벨,Жалобний дзвіночок,Halálharang
00052695,Charred Skeever Hide,Piel de skeever chamuscado,Peau de ragnard carbonisé,Pelle di skeever arrosto,Verkohltes Skeeverfell,Zwęglona skóra ślizgacza,Жареная злокрысья кожа,焦黑的惡鼠皮,焼け焦げたスキーヴァーの皮,Ohořelá kůže kolčaváka,Pele de Skeever Chamuscado,Közlenmiş Sıçan Derisi,그을린 스키버 가죽,Шкура запеченої пацюрви,Megperzselt sivítóirha
00057F91,Hanging Moss,Musgo colgante,Mousse barbue,Muschio,Hängemoos,Wiszący mech,Бородатый мох,吊苔,垂れ苔,Splývavý lišejník,Musgo Pendurado,Asma Yosunu,늘어진 이끼,Звислий мох,Függõmoha
00059B86,Nirnroot,Raíz de nirn,Nirnroot,Radice di Nirn,Nirnwurz,Korzeń nirnu,Корень Нирна,奈恩根,ニルンルート,Nirnský kořen,Raiz de Nirn,Nirnotu,넌루트,Нірн-корінь,Nirngyökér
00063B5F,Spriggan Sap,Savia de spriggan,Sève de spriggan,Linfa di spriggan,Zweiglingsaft,Posoka wiły,Живица сприггана,樹精的樹液,スプリガンの樹液,Spriganská míza,Seiva de Spriggan,Ağaçperisi Özü,스프리건 수액,Живиця деервиці,Fafúria nedv
0006ABCB,Canis Root,Raíz canina,Racine de canis,Radice canina,Caniswurzel,Wilczy korzeń ,Собачий корень,犬根,カニスの根,Psí kořen,Raiz Canis,İt Otu,회색 뿌리,Песячий корінь,Kutyagyökér
0006AC4A,Jazbay Grapes,Uvas de jazbay,Raisin jazbay,Acini di jazbay,Jasbaytrauben,Winogrona Jazbay,Виноград джазби,架子灣葡萄,ジャズベイ・ブドウ,Jazbajské hrozny,Uvas de Jazbay,Yaban Üzümü,재즈베이 포도,Гроно винограду жазбей,Jazbay szõlõ
0006B689,Hagraven Claw,Garra de bruja cuervo,Serre d'harfreuse,Artiglio di hagraven,Hexenrabenklaue,Szpon wiedźmokruka,Коготь ворожеи,烏鴉鬼婆的爪子,ハグレイヴンの爪,Pařát vranice,Garra de Bruxa Harpia,Ucube Tırnağı,해그레이븐 발톱,Пазур відьми-ворони,Hollóbanya-karom
0006BC00,Mudcrab Chitin,Quitina de cangrejo del barro,Chitine de vasard,Chitina di granchio del fango,Schlammkrabben-Chitin,Pancerzyk kraba błotnego,Клешня грязевого краба,泥沼蟹殼,マッドクラブの殻,Chitin z blátokraba,Quitina de Caranguejo da Lama,Yengeç Kıskacı,진흙게 껍질,Хітин багнокраба,Mocsárrák kitin
0006BC02,Bear Claws,Garras de oso,Griffes d'ours,Artigli di orso,Bärenklauen,Pazury niedźwiedzia,Медвежьи когти,熊爪,クマの爪,Medvědí drápy,Garras de Urso,Ayı Pencesi,곰 발톱,Пазурі ведмедя,Medvekarmok
0006BC04,Sabre Cat Tooth,Diente de gato sable,Dent de smilodon,Dente di tigre dai denti a sciabola,Säbelzahntigerreißzahn,Ząb kota szablozębnego,Клык саблезуба,劍齒虎牙齒,サーベルキャットの牙,Zub šavlozubé kočky,Dente de Dente-de-Sabre,Keskin Diş Dişi,검치호랑이 이빨,Ікло шаблезуба,Kardfogú agyara
0006BC07,Eye of Sabre Cat,Ojo de gato sable,Oeil de smilodon,Occhio di tigre dai denti a sciabola,Säbelzahntigerauge,Oko kota szablozębnego,Глаз саблезуба,劍齒虎之眼,サーベルキャットの目,Oko šavlozubé kočky,Olho de Dente-de-Sabre,Keskin Diş Gözü,검치호랑이의 눈,Око шаблезуба,Kardfogú szeme
0006BC0A,Large Antlers,Cornamenta grande,Grande ramure,Corna grandi,Großes Geweih,Duże poroże,Большие рога,長鹿角,大きな枝角,Rozložité paroží,Galhada Grande,Büyük Boynuzlar,큰 뿔,Роги оленя,Nagy agancs
0006BC0B,Small Antlers,Cornamenta pequeña,Petite ramure,Piccole corna,Kleines Geweih,Małe poroże,Маленькие рога,短鹿角,小さな枝角,Malé paroží,Galhada Pequena,Küçük Boynuzlar,작은 뿔,Ріжки оленя,Kis agancs
0006BC0E,Wisp Wrappings,Enseres de fuego fatuo,Voiles éthérés,Fasce del fuoco fatuo,Magisches Leichentuch,Okład z ognika,Пелена дымка,幽魂外皮,ウィスプ・ラッピング,Bludné obvazy,Restos de Mãe Fátua,Ilgım Sargısı,위스프 외피,Серпанковий покрив,Lidércburok
0006BC10,Powdered Mammoth Tusk,Colmillo de mamut molido,Défense de mammouth en poudre,Polvere di zanne di mammut,Pulverisierter Mammutstoßzahn,Starty kieł mamuta,Толченый бивень мамонта,長毛象牙粉末,マンモスの牙粉,Rozemletý mamutí kel,Pó de Presa de Mamute,Mamut Dişi Pudrası,매머드 상아 가루,Перетертий бивень мамута,Porított mamutagyar
0006F950,Scaly Pholiota,Foliota escamosa,Pholiote à écailles,Pholiota squamosa,Schuppenschwamm,Łuskwiak,Чешуйчатка,鱗片傘菌,スギタケ,Šupinovka kostrbatá,Pholiota Escamosa,Pullu Mantar,비늘 버섯,Лускатниця,Pikkelyes tõkegomba
000705B7,Berit's Ashes,Cenizas de Berit,Cendres de Berit,Ceneri di Berit,Berits Asche,Prochy Berita,Прах Берита,貝瑞特的骨灰,ベリットの灰,Beritův popel,Cinzas de Berit,Berit'in Külleri,베릿의 잿가루,Порох Берита,Berit hamvai
000727DE,Blue Butterfly Wing,Ala de mariposa azul,Aile de papillon bleu,Ala di farfalla blu,Blauer Schmetterlingsflügel,Skrzydło błękitnego motyla,Крыло синей бабочки,藍蝶翅膀,青い蝶の羽,Křídlo modrého motýla,Asa de Borboleta Azul,Mavi Kelebek Kanatları,파란 나비 날개,Крильце блакитного метелика,Kéklepke-szárny
000727DF,Luna Moth Wing,Ala de actias luna,Aile de noctuelle,Ala di falena,Mondfalterflügel,Skrzydło księżycowej ćmy,Крыло лунного мотылька,月蛾翅膀,ルナ・モスの羽,Křídlo měsíční můry,Asa de Mariposa Luna,Mehtap Güvesi Kanadı,누에 나방 날개,Крильце місяцевої нетлі,Pillangószárny
000727E0,Butterfly Wing,Ala de mariposa,Aile de papillon,Ala di farfalla,Schmetterlingsflügel,Motyle skrzydło,Крыло монарха,蝴蝶翅膀,蝶の羽,Motýlí křídlo,Asa de Borboleta,Kelebek Kanadı,나비 날개,Крильце метелика-монарха,Marék só
00077E1C,Blue Mountain Flower,Flor azul de montaña,Lys des cimes bleu,Fiore blu di montagna,Blaue Bergblume,Błękitny górski kwiat,Голубой горноцвет,藍山花,山の青い花,Hornička modrá,Flor Azul da Montanha,Mavi Dağçiçeği,파란 들꽃,Блакитна гірська квітка,Kék hegyivirág
00077E1D,Red Mountain Flower,Flor roja de montaña,Lys des cimes rouge,Fiore rosso di montagna,Rote Bergblume,Czerwony górski kwiat,Красный горноцвет,紅山花,山の赤い花,Hornička červená,Flor Vermelha da Montanha,Kızıl Dağ Çiçeği,붉은 들꽃,Червона гірська квітка,Vörös hegyivirág
00077E1E,Purple Mountain Flower,Flor púrpura de montaña,Lys des cimes violet,Fiore viola di montagna,Violette Bergblume,Purpurowy górski kwiat,Лиловый горноцвет,紫山花,山の紫の花,Hornička fialová,Flor Púrpura da Montanha,Mor Dağ Çiçeği,자줏빛 들꽃,Бузкова гірська квітка,Lila hegyivirág
0007E8B7,Swamp Fungal Pod,Vaina fúngica del pantano,Mycène des marais,Baccello fungale di palude,Sumpfpilzschote,Bagienna grzybnia,Болотный стручок,沼澤真菌莢,沼の群生キノコ,Tobolka močálové houby,Vagem de Cogumelo do Pântano,Bataklık Tomurcuğu,습지균 꼬투리,Болотяний грибок,Lápigomba tok
0007E8C1,Giant Lichen,Liquen gigante,Lichen géant,Lichene gigante,Riesenflechte,Olbrzymi porost,Гигантский лишайник,巨型青苔,巨大地衣類,Obří lišejník,Líquen Gigante,Dev Ciğerotu,거대 이끼,Величезний лишайник,Óriás zuzmó
0007E8C5,Slaughterfish Egg,Huevo de pez asesino,Oeuf de poisson carnassier,Uovo di pesce macellaio,Schlachterfischei,Ikra zębacza,Икра рыбы-убийцы,食人魚卵,スローターフィッシュの卵,Vajíčko vraždomilky,Ovo de Peixe Assassino,Katilbalık Yumurtası,식인물고기 알,Яйце риби-вбивці,Mészároshal-pete
0007E8C8,Rock Warbler Egg,Huevo de acantiza minero,Oeuf de fauvette,Uovo di passero delle rocce,Steinhuscherei,Jajo skałoświerga,Яйцо оригмы,石棲刺鶯的蛋,イワムシクイの卵,Vajíčko střízlíkovce,Ovo de Pássaro Canoro Empedrado,Kaya Bülbülü Yumurtası,바위 휘파람새 알,Яйце скельного щебетуна,Köviposzáta-tojás
0007EDF5,Nordic Barnacle,Percebe nórdico,Bernache nordique,Cirripede nordico,Nordranke,Norska pękla,Морской желудь,諾德藤壺,ノルド・フジツボ,Svijonožec severský,Mexilhão Nórdico,Kaya Midyesi,노드산 따개비,Нордський водний жолудь,Északi kagyló
0007EE01,Glowing Mushroom,Seta brillante,Champignon luisant,Fungo luminoso,Schimmerpilz,Świecący grzyb,Светящийся гриб,微光傘菌,光るキノコ,Svítivka,Cogumelo Brilhante,Parlak Mantar,발광 버섯,Світний гриб,Derengõgomba
00083E64,Grass Pod,Semilla de hierba,Cosse,Baccello,Grassamen,Trawiak,Травяной стручок,草籽,グラス・ポッド,Trnice,Vagem de Grama,Çim Tohumu,잔디 꼬투리,Трав'яний струк,Fûtok
000854FE,Pearl,Perla,Perle,Perla,Perle,Perła,Жемчужина,珍珠,パール,Perla,Pérola,İnci,진주,Перлина,Gyöngy
00085500,Small Pearl,Perla pequeña,Petite perle,Perla piccola,Kleine Perle,Mała perła,Маленькая жемчужина,小珍珠,小さなパール,Malá perla,Pérola Pequena,Ufak İnci,작은 진주,Перлинка,Kis gyöngy
000889A2,Dragon's Tongue,Lengua de dragón,Langue de dragon,Lingua di drago,Drachenbaum,Smoczy język,Язык дракона,龍舌蘭,リュウノシタ,Dračí jazyk,Língua de Dragão,Ejderha Dili,드래곤 텅,Драконів язик,Sárkánynyelv
0009151B,Spider Egg,Huevo de araña,Oeuf d'araignée,Uovo di ragno,Spinnenei,Pajęcze jajo,Паучье яйцо,蜘蛛卵,クモの卵,Pavoučí vajíčko,Ovo de Aranha,Örümcek Yumurtası,거미 알,Яйце павука,Póktojás
000A9191,Beehive Husk,Envoltorio de colmena,Ruche vide,Pezzo di alveare,Bienenstockhülle,Skorupa ula,Пчелиное гнездо,蜂箱外殼,ハチの巣の殻,Voština,Casca de Colméia,Arı Kovanı Kabuğu,벌집 껍질,Оболонка вулика,Méhkas burok
000A9195,Bee,Abeja,Abeille,Ape,Biene,Pszczoła,Пчела,蜜蜂,ハチ,Včela,Abelha,Arı,벌,Бджола,Méh
000B08C5,Honeycomb,Panal,Rayons de miel,Favo,Honigwabe,Plaster miodu,Медовые соты,蜂巢,ハチの巣,Plástev medu,Favo de Mel,Bal Peteği,꿀벌집,Стільник,Lépesméz
000B18CD,Human Heart,Corazón humano,Coeur humain,Cuore umano,Menschliches Herz,Ludzkie serce,Человеческое сердце,人類的心臟,奇妙な心臓,Lidské srdce,Coração Humano,İnsan Kalbi,인간의 심장,Людcьке серце,Emberi szív
000B2183,Creep Cluster,Raíz trepadora,Plantes grimpantes,Rampicanti,Kriechranke,Kępa pełzanicy,Ползучая лоза,藤蔓叢,クリープ・クラスター,Plazivice,Raiz Trepadeira,Sürüngen Dokunacı,크립 줄기,Крислатий стеблик,Kúszónyaláb
000B701A,Crimson Nirnroot,Raíz de nirn carmesí,Nirnroot cramoisie,Radice di Nirn cremisi,Purpurne Nirnwurz,Szkarłatny korzeń nirnu,Алый корень Нирна,深紅奈恩根,クリムゾン・ニルンルート,Rudý nirnský kořen,Raiz de Nirn Carmesim,Kızıl Nirnotu,붉은 넌루트,Черлений нірн-корінь,Karmazsin nirngyökér
000BB956,Orange Dartwing,Ala de dardo naranja,Aile de fléchette orange,Libellula arancione,Orange Pfeilfedern,Pomarańczowy ostroskrzydlak,Оранжевая стрекоза,橙色飛蟲,オレンジ・ダートウィング,Oranžová šipkatka,Libélula Laranja,Turuncu Yusufçuk,노란 파리잠자리,Жовтогаряча стрімкокрилка,Narancs szitakötõ
000D8E3F,Moon Sugar,Azúcar lunar,Sucrelune,Zucchero lunare,Mondzucker,Księżycowy cukier,Лунный сахар,月糖,ムーンシュガー,Cukřík,Açúcar Lunar,Ay Şekeri,문 슈거,Місяцевий цукор,Holdcukor
000E4F0C,Blue Dartwing,Ala de dardo azul,Aile de fléchette bleue,Libellula blu,Blaue Pfeilfedern,Niebieski ostroskrzydlak,Синяя стрекоза,藍色飛蟲,ブルー・ダートウィング,Modrá šipkatka,Libélula Azul,Mavi Yusufçuk,파란 파리잠자리,Блакитна стрімкокрилка,Kék szitakötõ
000E7EBC,Hawk Beak,Pico de halcón,Bec de faucon,Becco di falco,Falkenschnabel,Jastrzębi dziób,Клюв ястреба,鷹的喙,鷹のくちばし,Jestřábí zobák,Bico de Falcão,Şahin Gagası,매 부리,Дзьоб шуліки,Sólyomcsõr
000E7ED0,Hawk Feathers,Plumas de halcón,Plumes de faucon,Piume di falco,Falkenfedern,Jastrzębie pióra,Перья ястреба,鷹的羽毛,鷹の羽,Jestřábí pera,Penas de Falcão,Şahin Tüyleri,매 깃털,Пір'я шуліки,Sólyomtollak
000EC870,Mora Tapinella,Mora Tapinella,Mora Tapinella,Mora Tapinella,Mora Tapinella,Mora Tapinella,Мора тапинелла,樹傘菌,モラ・タピネラ,Mora Tapinella,Mora Tapinella,Ağaç Mantarı,은행잎 버섯,Товстоніжка,Cölöpgomba
000F11C0,Dwarven Oil,Aceite enano,Huile dwemer,Olio nanico,Zwergenöl,Krasnoludzki olej,Двемерское масло,矮人油,ドワーフのオイル,Trpasličí olej,Óleo Dwemer,Dwemer Yağı,드웨머 - 기름,Двемерська олива,Törp olaj
001016B3,Human Flesh,Carne humana,Chair humaine,Carne umana,Menschenfleisch,Ludzkie mięso,Человечье мясо,人肉,奇妙な肉,Lidské maso,Carne Humana,İnsan Eti,인간의 살점,Людське м'ясо,Emberi hús
00106E18,Histcarp,Carpa de hist,Carpe du Hist,Carpa histiana,Histkarpfen,Histokarp,Хисткарп,希思特鯉魚,ヒストカープ,Ssstkapr,Carpa de Hist,Hist balığı,히스트 잉어,Гісткороп,Szisszponty
00106E19,Cyrodilic Spadetail,Cola de espada cyrodiílica,Poisson-combattant de Cyrodiil,Spadino cyrodiilico,Cyrodilischer Spatenschwanz,Cyrodiilska ogonnica,Сиродильский лопатохвост,賽瑞迪爾鬥魚,シロディールのスペードテール,Cyrodilská hřebenatka,Cauda de Espada Cirodílica,Kürekkuyruk,시로딜 변종어,Киродільський широкохвіст,Cyrodiili lapátfarkú
00106E1A,River Betty,Betty de río,Poisson de rivière,Codalarga,Flusspeitscher,Rzeczna becia,Бойцовая рыбка,河布丁,リバー・ベティ,Říční očko,Betty de Rio,Nehirkızı,민물 베티,Річкова корчівка,Folyami harcoshal
00106E1B,Abecean Longfin,Aleta larga abacea,Abécéen à longue nageoire,Pinnalunga abeceano,Abeceanischer Mirakelbarsch,Abecejski długopłetwiak,Абесинский окунь,阿貝希恩長鰭魚,アビシアン・ロングフィン,Abeceánský ploutevník,Longfin de Abeceano,Uzunyüzgeç,아비시안 롱핀,Абекинський довгоплавець,Abeceai nyúlánkhal
00106E1C,Silverside Perch,Perca de lomo plateado,Perche argentée,Persico argenteo,Silberbarsch,Okoń srebrnoboczny,Серебристый окунь,銀岸鱸魚,シルバーサイド・パーチ,Okoun stříbřitý,Perca Prateada,Gümüş Levrek,은줄 농어,Срібнобокий окунь,Ezüstös sügér
0100306D,Rot Scale,Escama de podredumbre,Écaille putride,Scaglia marcia,Schuppenfäule,Łuska gnilna,Гнилая чешуйка,腐爛的鱗片,腐敗の鱗,Plesnivá šupina,Casca Podre,Çürük Pul,부패한 비늘,Гнила луска,Rot Scale
0100306E,Screaming Maw,Fauces aullantes,Gueule hurlante,Fauci urlanti,Schreiender Schlund,Wyjąca paszcza,Кричалка,尖叫嘴,叫ぶ口,Křičící tlama,Planta Gritante,Cırtlak Gırtlak,비명지르는 열매,Крикливе черево,Screaming Maw
0100306F,Thorn Hook,Gancho de espina,Crochet spinescent,Gancio spinoso,Dornenhaken,Hak z cierniami,Шип,刺鉤,茨のフック,Trnový hák,Gancho de Espinho,Dikenli Soğan,가시 갈고리,Колючий гак,Thorn Hook
02002A78,Yellow Mountain Flower,Flor amarilla de montaña,Lys des cimes jaune,Fiore giallo di montagna,Gelbe Bergblume,Żółty górski kwiat,Желтый горноцвет,黃色山花,黄色い山の花,Květina ze žluté hory,Flor Amarela da Montanha,Sarı Dağ Çiçeği,노란 들꽃,Жовта гірська квітка,Sárga hegyivirág
02003545,Salmon Roe,Huevas de salmón,Oeufs de saumon,Uova di salmone,Lachsrogen,Ikra łososia,Лососевая икра,鮭魚卵,イクラ,Lososí jikry,Ovas de Salmão,Somon Yumurtası,연어 알,Лососева ікра,Lazac ikra
020059BA,Ancestor Moth Wing,Ala de polilla ancestral,Aile de noctuelle ancestrale,Ala di Falena Ancestrale,Ahnenmottenflügel,Skrzydło Pradawnej Ćmy,Крыло мотылька предка,先祖飛蛾翅膀,聖蚕の羽根,Křídlo Odvěké bekyně,Asa de Mariposa Ancestral,Güve Atası Kanadı,선조나방 날개,Крильце нетлі пращурів,Õsi pille szárny
0200B097,Gleamblossom,Brote resplandeciente,Brillefleur,Bocciolo di luce,Lichtblüte,Blaskotka,Светящийся цветок,幽光萌花,グリームブロッサム,Třpytokvítek,Flor do Brilho,Işınçiçeği,반짝이는 꽃,Сяйвоцвіт,Fényvirág
0200F1CC,Hawk's Egg,Huevo de halcón,Oeuf du faucon,Uovo di falco,Falkenei,Jajo jastrzębia,Яйцо ястреба,老鷹蛋,鷹の卵,Sokolí vejce,Ovo de Falcão,Şahin Yumurtası,매의 알,Яйце шуліки,Héja tojás
02016E26,Ashen Grass Pod,Semilla de hierba cenicienta,Cosse cendrée,Baccello di erba cinerea,Aschengras-Schote,Trawiak popielaty,Стручок пепельной травы,灰燼草種莢,アッシェン・グラス・ポッド,Popelavá trnice,Semente de Erva Cinzenta,Küllenmiş Çimen Tomurcuğu,화산 잔디 꼬투리,Попільний трав'яний струк,Hegyesfû tok
02017008,Trama Root,Raíz de trama,Racine de trama,Radice amara,Tramawurzel,Korzeń trama,Корень трамы,特拉瑪根,トラマの根,Kořen tramy,Raiz de Trama,Trama Kökü,트라마 뿌리,Трама-корінь,Trama gyökér
02017E97,Scathecraw,Rascabuches,Choucard,Arcinebria,Suppulus,Boleśniak,Вредозобник,苦痛草,スケイスクロー,Škodník,Scathecraw,Kursakyakan,스케이드 선인장,Пекуче воло,Ártóbegy
020183B7,Chaurus Hunter Antennae,Antena de cauro cazador,Antennes de chasseur chaurus,Antenne di chaurus cacciatore,Chaurusjägerfühler,Czułki chaurusa łowcy,Усик коруса-охотника,巢蟻獵人觸角,シャウラス・ハンターの触角,Tykadla chauřího lovce,Antena de Chaurus Caçador,Avcı Çıyan Anteni,챠루스 헌터 더듬이,Вусик хоруса-мисливця,Chaurus vadász csáp
020185FB,Poison Bloom,Flor venenosa,Floraison empoisonnée,Bocciolo velenoso,Giftblüte,Trujący kwiat,Ядовитый цветок,毒茂花,ポイズン・ブルーム,Jedovatý květ,Flor Venenosa,Zehir Çiçeği,독초,Пуп'янок отруйника,Méregvirág
0201CD6D,Spawn Ash,Ceniza de engendro,Cendres d'engeance,Cenere di progenie,Brutasche,Prochy popielca,Пепел порождения,灰燼魔塵,スポーン・アッシュ,Popel z popelavce,Filho das Cinzas,Küldoğan Külü,화산재 덩어리,Попіл поріддя,Ivadék hamu
0201CD6E,Burnt Spriggan Wood,Madera de spriggan quemado,Bois de spriggan brûlé,Legno di spriggan bruciato,Verbranntes Zweiglingsholz,Drewno z osmalonej wiły,Древесина горелого сприггана,烈焰樹精木片,バーン・スプリガンの木,Dřevo ohnivého sprigana,Madeira de Spriggan Queimado,Yanmış Ağaçperisi Dalı,타버린 스프리건 나무,Деревина горілої деревиці,Perzselt fafúria ága
0201CD6F,Boar Tusk,Colmillo de jabalí,Défense de sanglier,Zanna di cinghiale,Wildschweinhauer,Kieł dzika,Кабаний клык,野豬牙,イノシシの牙,Kančí tesák,Presa de Javali,Domuz Boynuzu,멧돼지 상아,Ікло кудлатогрива,Vaddisznó agyar
0201CD71,Ash Hopper Jelly,Jalea de saltador de cenizas,Gelée de sautecendres,Gelatina di solca-cenere,Aschenhüpfergelee,Galaretka z koników popielnych,Желе пепельного прыгуна,灰燼跳蟲膠質,アッシュホッパーのゼリー,Skákavčí rosol,Geleia de Saltador de Cinza,Kül Çıvanı Peltesi,화산재 메뚜기 젤리,Драглі попільного стрибунця,Hamusáska zselé
0201CD72,Netch Jelly,Jalea de netch,Gelée de netch,Gelatina di netch,Netchgelee,Galareta z parzydłaka,Желе нетча,耐區膠質,ネッチゼリー,Síťovčí rosol,Geleia de Netch,Çıban Peltesi,네치 젤리,Драглі нетча,Légmedúza zselé
0201CD74,Ash Creep Cluster,Raíz trepadora cenicienta,Racine de cendres,Rampicanti di cenere,Aschenwurzelbund,Popielata kępa pełzanicy,Пепельная ползучая лоза,灰燼藤蔓叢,アッシュクリープ・クラスター,Trs popelavého plazivce,Raiz Trepadeira de Cinza,Kül Salkım Yığını,화산 크립 줄기,Попільний крислатий стеблик,Hamu kúszónyaláb
0201FF75,Emperor Parasol Moss,Musgo de parasol de emperador,Mousse-parasol,Muschio dell'Imperatore,Kaiserschirmmoos,Wiszący mech cesarski,Императорский зонтичный мох,帝王傘苔,皇帝カサダケ,Císařský splývavý mech,Musgo Imperador Parasol,İmparator Şemsiyesi Yosunu,황제우산 이끼,Імператорський мох-парасолька,Császári esernyõmoha
0203CD8E,Felsaad Tern Feathers,Plumas de golondrina marina de Felsaad,Plumes de sterne de Felsaad,Piume di Felsaad Tern,Felsaad-Tern-Federn,Pióra felsaadzkiej rybitwy,Перья фельсадской крачки,法薩德燕鷗羽毛,フェルサードアジサイの羽根,Peří z Felsaad Tern,Penas de Felsaad Tern,Felsaad Kırlangıcı Tüyleri,펠사드 제비갈매기 날개,Пір'я фелсадського крячка,Felstaad Tern tollak
030000D0,Aloe Vera Leaves,Hojas de aloe vera,Feuilles d'aloe vera,Foglie di aloe vera,Aloe-Vera-Blätter,Liście aloesu,Листья алоэ,蘆薈葉,アロエベラの葉,Lístky Aloe Vera,Aloe Vera Leaves,Aloe Vera Leaves,알로에 베라 잎,Листя алое вера,Aloe Vera Leaves
05000802,Bungler's Bane,La pesadilla del manazas,Girolle virulente,Rovina del dilettante,Brettpilz,Zguba Partacza,Банглер бейн,拙人剋星,無骨者の破滅,Kazisvětník,Perdição de Bungler,Çaylak Felaketi,흙손의 파멸 버섯,Згуба капарника,Bungler's Bane
05000804,Chokeweed,Atragantadera,Étouffe-herbe,Strozzerba,Hustengras,Dławnik,Удушайка,窒息草,チョークウィード,Dusibýl,Erva-Choke,Boğanot,초크위드,Глуши-трава,Chokeweed
05000805,Coda Flower,Flor de coda,Fleur de coda,Fiore di coda,Codablume,Kwiat kody,Цветок коды,科達花,コーダの花,Třeskovice,Flor Coda,Koda Çiçeği,코다 꽃,Квітка кода,Coda Flower
05000806,Comberry,Combaya,Combeline,Bacca amara,Geißelbeere,Czerniówka,Комуника,康梅,コムベリー,Míněnka,Comberry,İbiböğürtleni,콤베리,Гроновиця,Comberry
05000807,Congealed Putrescence,Putrescencia coagulada,Putrescence gélatineuse,Marciume rappreso,Erstarrte Fäulnis,Zakrzepła zgnilizna,Затвердевшая гниль,腐敗的凝結物,凝縮した腐敗物,Shnilé maso,Putrescência Congelada,Donuk Küf,굳힌 부패물,Згущена гниль,Congealed Putrescence
05000809,Corkbulb Root,Raíz de bulbo de alcornoque,Racine de bulbe-liège,Radice di sugherato,Korkwurzel,Korzeń bulwokorka,Корень пробочника,軟木鱗根,コルクバルブの根,Hlíza korkovniku,Raíz de Corkbulb,Tıkaçsoğan Kökü,코르크 알뿌리,Корінь коркоплоду,Corkbulb Root
0500080A,Daedra Silk,Seda daédrica,Soie de daedra,Seta di Daedra,Daedra-Seide,Daedryczny jedwab,Шелк даэдра,魔族絲,デイドラの絹糸,Daedří hedvábí,Seda de Daedra,Daedra İpeği,데이드라 실크,Даедровий шовк,Daedra Silk
0500080B,Daedra Venin,Venin daédrico,Venin de daedra,Venin di Daedra,Daedra Venin,Daedryczny jad,Яд даэдра,魔族毒素,デイドラの毒素,Daedří jed,Daedra Venin,Daedra Zehri,데이드라 베닌,Даедрова отрута,Daedra Venin
0500080C,Hunger Tongue,Lengua hambrienta,Langue de dévoreur,Lingua di famelico,Hungerzunge,Język głodu,Язык алчущего,飢餓之舌,ハンガーの舌,Jazyk hladovouse,Língua de Hungers,Pisboğaz Dili,헝거의 혀,Язик голода,Hunger Tongue
0500080D,Hydnum Azure Giant Spore,Espora gigante de hydnum cerúleo,Spore d'hydne géant bleu,Spora gigante di hydnum azzurro,Blaue Stoppelpilz-Riesenspore,Ogromny zarodnik lazurowego hydnum,Гигантская спора ежовика лазурного,蔚藍猴頭菇巨型孢子,ヒドナム・アジュアの巨大胞子,Obří semeno různopórky,Esporos de Hydnum Azure Gigante,Dev Mavi Kaya Mantarı,하늘색 턱수염버섯 거대 포자,Cпора блакитного кругляка,Hydnum Azure Giant Spore
0500080E,Hypha Facia,Hypha Facia,Hypha facia,Hypha Facia,Faciapilz,Hypha Facia,Гайфа фация,外蕈,菌糸フェシア,Diviš lícní,Hypha Facia,Hif Mantarı,팡이실 기생 버섯,Нитчастий перезок,Hypha Facia
0500080F,Imp Gall,Bilis de diablillo,Bile de lutin,Fiele di Imp,Koboldgalle,Żółć chochlika,Желчь беса,小惡魔膽汁,インプの胆嚢,Žluč ďáblíka,Galha de Imp,Cinperi Ödü,임프 담즙,Жовч біса,Imp Gall
05000810,Kagouti Hide,Piel de kagouti,Peau de kagouti,Pelle di kagouti,Kagouti-Haut,Skóra kagouti,Шкура кагути,卡庫提皮,カゴーティの皮,Kagoutí kůže,Pele de Kagouti,Kaguti Derisi,카고티 가죽,Шкура каґуті,Kagouti Hide
05000811,Kresh Fiber,Fibra de kresh,Fibre de kresh,Fibra di Kresh,Kreschfaser,Włókno kreszu,Волокно креша,克雷什纖維,クレッシュ繊維,Snítka kreše,Fibra de Kresh,Kreş Lifi,크레시 섬유,Креш-волокно,Kresh Fiber
05000813,Luminous Russula,Russula luminosa,Russule phosphorescente,Russula Luminosa,Leuchtendes Russula,Lśniący gołąbek,Светящаяся сыроежка,微光紅菇,光ベニタケ,Holubinka zářivá,Luminous Russula,Işıldayan Mantar,발광 무당버섯,Сяйна сироїжка,Luminous Russula
05000814,Marshmerrow,Marjalisco,Pousse des marais,Piantalude,Sumpfblume,Purcholka,Болотный тростник,麥羅,マーシュメロウ,Mokřadnice,Marshmerrow,Batakkamış,마쉬메로우,Болотяна тростина,Marshmerrow
05000815,Minotaur Horn,Cuerno de minotauro,Corne de minotaure,Corno di minotauro,Minotaurenhorn,Róg minotaura,Рог минотавра,牛頭人角,ミノタウロスの角,Minotauří roh,Chifre de Minotauro,Minotor Boynuzu,미노타우로스 뿔,Ріг мінотавра,Minotaur Horn
05000816,Ogre's Teeth,Dientes de ogro,Dents d'ogre,Denti di ogre,Ogerzähne,Zęby ogra,Зубы огра,食人魔的牙,オーガの歯,Zlobří zuby,Dente de Ogre,Ogre Dişi,오거의 이빨,Зуби оґра,Ogre's Teeth
05000817,Red Kelp Gas Bladder,Vejiga natatoria de laminariales rojas,Ampoule de varech rouge,Vescica dei gas di alga rossa,Rote Seetang-Gasblase,Pęcherz gazowy czerwonego wodorostu,Газовый пузырь красной водоросли,紅水草鰾,レッド・ケルプの空気袋,Červený puchýř kopřivce,Bexiga de gás de Algas Vermelhas,Kırmızı Yosun Mesanesi,붉은 켈프 가스 주머니,Газовий міхур червоної водорості,Red Kelp Gas Bladder
05000818,Redwort Flower,Flor de redwort,Rose rouge,Fiore di crisciola rossa,Rotwurz-Blume,Kwiat czerwońca,Цветок редворта,紅麥芽花,ベニバナソウの花,Červenobýl,Flor Redwort,Alçiçek,레드워트 꽃,Квітка рудявки,Redwort Flower
05000819,Roobrush,Durobusto,Buisson roux,Arbonace,Roobusch,Rumieniak,Рубраш,羅布什,ルーブラシ,Routěnec,Roobrush,Ruçalı,루브러쉬,Чагарець,Roobrush
0500081A,Saltrice,Arroz de sal,Riz de sel,Salriso,Salzreis,Ryż solny,Соленый рис,薩翠絲,サルトリス,Slaná rýže,Saltrice,Tuzpirinci,솔트라이스,Солоний рис,Saltrice
0500081B,Scalon Fin,Aleta de scalon,Aileron de scalon,Pinna di Scalon,Skalonenflosse,Płetwa skalona,Плавник скейлона,斯坎隆鰭,スケイロンのひれ,Ploutev skalona,Barbatanas de Scalon,Skeylon Yüzgeci,스칼론 지느러미,Плавець лускана,Scalon Fin
0500081C,Scrib Jelly,Jalea de scrib,Gelée de scrib,Gelatina di Scrib,Skribgelee,Scribowa galareta,Скрибовое желе,撕殼步膠質,スクリブのゼリー,Drcený pavoučník,Geléia de Scrib,Tıvtıl Peltesi,스크립 젤리,Драглі скриба,Scrib Jelly
0500081D,Scrib Jerky,Jalea de scrib,Viande de scrib salée,Carne essiccata di Scrib,Skribdörrfleisch,Mięso scriba,Вяленая скрибятина,撕殼步肉乾,スクリブジャーキー,Sušené maso z pavoučníka,Carne de Scrib,Tıvtıl Eti,스크립 육포,В'ялений скриб,Scrib Jerky
0500081E,Sload Soap,Sopa de sload,Savon de sload,Sapone di Sload,Kreckenseife,Sloadowe mydło,Мыло слоад,蛞蝓蛙皂,スロードの石鹸,Mazlavé mýdlo,Sabão de Sload,Sload Sabunu,슬로드 비누,Мило слоада,Sload Soap
0500081F,Stoneflower Petals,Pétalos de flor pétrea,Pétales de fleur de roche,Petali di fiorpietra,Blüten der Steinblume,Płatki skałokwiatu,Лепестки каменевки,石花瓣,石花の花びら,Okvětní lístky kamenýzu,Pétalas de Flor-de-Pedra,Taşçiçek Yaprakları,스톤플라워 꽃잎,Пелюстки кам'яної квітки,Stoneflower Petals
05000820,Void Essence,Esencia de vacío,Essence de néant,Essenza del vuoto,Essenz der Leere,Esencja pustki,Эссенция пустоты,虛無精華,虚空のエキス,Esence prázdnoty,Essência Nula,Hiçlik Özü,공허의 정수,Єство порожнечі,Void Essence
05000821,Watcher's Eye,Ojo de vigilante,Oeil de guetteur,Occhio della vedetta,Auge des Wächters,Oko obserwatora,Глаз дозорного,觀察者之眼,監視者の目,Hlídačník,Olho de Watcher,Gözcü Soğanı,주시자의 눈,Око вартового,Watcher's Eye
05000822,Blind Watcher's Eye,Ojo de vigilante ciego,oeil de guetteur aveugle,Occhio della vedetta cieca,Auge des blinden Wächters,Oko ślepego obserwatora,Слепой глаз дозорного,眼盲觀察者之眼,盲目の監視者の目,Oko slepého strážce,Olho de Watcher Cego,Kör Gözcünün Gözü,감긴 주시자의 눈,Око сліпого вартового,Blind Watcher's Eye
05000823,Wisp Stalk Caps,Coronas fatuas,Glycine,Cappelli di stelo fatuo,Irrlichthauben,Kapelusze grzyba ognika,Шляпки гифоломы,幽魂傘菌,シラガタケのかさ,Trsovník,Cogumelo Wisp Stalk,Ahmak Mantarı,위스프 줄기 버섯,Шапки серпанкового стеблика,Wisp Stalk Caps
05000824,Withering Moon,Luna marchita,Atrophie de lune,Luna appassita,Welkemond,Usychający księżyc,Усыхающая луна,枯萎之月,ウィザリング・ムーン,Blikavka,Lua-Minguante,Solan Ay,위더링 문,Сохлий місяць,Withering Moon
05000825,Worm's Head Cap,Cabeza de gusano,Chapeau de tête de ver ,Cappelli di fungo verme,Wurmkopf-Kappe,Kapelusz czerwiej główki,Шляпка головы червя,蟲首傘菌,ワームズ・ヘッドのかさ,Hřibovec,Cogumelo Cabeça-de-Minhoca,Solucan Kafası Mantarı,벌레의 모자 버섯,Шапка хробакової голови,Worm's Head Cap
05000826,Daedroth Teeth,Dientes de daedroth,Dents de daedroth,Dente di Daedroth,Daedroth-Zahn,Zęby daedrotha,Зубы даэдрота,魔鱷牙,デイドロスの歯,Zuby daedrotha,Dente de Daedroth,Daedroth Dişi,데이드로스의 이빨,Зуби даедрота,Daedroth Teeth
05000827,Dreugh Wax,Cera de dreugh,Cire de dreugh,Cera di Dreugh,Dreugh-Wachs,Dreughowy wosk,Дреугский воск,螃蟹人臘,ドゥルーワックス,Dreughský vosk,Cera de Dreugh,Dreugh Parafini,드레그 왁스,Віск дреуґа,Dreugh Wax
05000828,Elytra Ichor,Icor de élitra,Ichor d'élytra,Icore di Elytra,Elytra-Sekret,Posoka elytry,Ихор элитры,鞘翅膿水,エリトラの体液,Sekret elytry,Elytra Ichor,Kınkanat İrini,딱지날개 영액,Пасока елітри,Elytra Ichor
05000829,Fire Petal,Pétalo ígneo,Pétale de feu,Petalo del fuoco,Feuerblüte,Ognisty płatek,Огненный лепесток,火蕨花瓣,炎の花びら,Okvětní lístky ohníku,Pétala de Fogo,Alev Yaprağı,화염 고사리 꽃잎,Вогняна пелюстка,Fire Petal
0500082B,Fungus Stalk,Tallo de hongo,Pied de champignon,Fungo a stelo,Pilzstängel,Nóżkogrzyb,Грибная трава,火焰莖,エノキ茸の茎,Vousáč,Caule de Fungus,Sap Mantarı,줄기 버섯,Грибковий стеблик,Fungus Stalk
0500082C,Gnarl Bark,Corteza de gnarl,Écorce de gnarl,Corteccia di Gnarl,Knorzrinde,Sękata kora,Кора гнарла,咆哮樹瘤的樹皮,ナールの樹皮,Kůra z boroběsa,Casca de Gnarl,Budak Kabuğu,그날스 나무 껍질,Кора косошара,Gnarl Bark
0500082D,Gold Kanet,Kanet de oro,Kanet dorée,Kanet d'oro,Goldkanet,Złoty kanet,Золотой канет,金色卡內特,金のカネット,Zlatý Kanet,Kanet de Ouro,Altın Kanet,금빛 카넷,Золотий канет,Gold Kanet
0500082E,Hackle-Lo Leaf,Hoja de hackle-lo,Feuille de plume-lo,Foglia di Hackle-Lo,Häckselblatt,Liść czochry,Лист хакльлоу,鋸齒羅葉,ハックル・ローの葉,List cepírníku,Folha Hackle-Lo,Horozboynu Yaprağı,해클-로 잎,Листок сторчака,Hackle-Lo Leaf
05000836,Ambrosia,Ambrosía,Ambroisie,Ambrosia,Ambrosia,Ambrozja,Амброзия,仙饌花,アンブロシア,Ambrózie,Ambrosia,Ambrosia,돼지풀,Амброзія,Ambrosia
05000837,Lichor,Lichor,Liqueur,Licore,Lichor,Wody płodowe,Лихор,魔能花,リコー,Nektar božského květu,Lichor,Likör,리코르,Ліхор,Lichor
05000838,Chokeberry,Aronia,Aronia,Soffobacca,Würgebeere,Dusijagoda,Арония,窒息莓,チョークベリー,Aronie,Chokeberry,Boğandut,초크베리,Ядушина,Chokeberry
05000851,Heart of Order,Corazón del orden,Coeur de l'ordre,Cuore dell'Ordine,Herz der Ordnung,Serce porządku,Сердце Порядка,秩序之心,オーダーの心臓,Srdce Řádu,Coração da Ordem,Düzenin Kalbi,질서의 기사단 심장,Серце порядку,Heart of Order
050008EB,Angelfish,Angelote,Poisson-ange,Pesce angelo,Segelflosser,Anielska ryba,Рыба-ангел,神仙魚,エンジェルフィッシュ,Andělská ryba,Peixe Anjo,Melek balığı,에인절피쉬,Риба-янгол,Angelfish
050008EC,Pearlfish,Pez perla,Poisson-perle,Pesce perla,Perlfisch,Perlak,Карапус,隱魚,パールフィッシュ,Perlovka,Peixe-Pérola,İnci balığı,진주고기,Карапус,Pearlfish
050008ED,Pygmy Sunfish,Pez sol enano,Poisson-soleil pygmée,Pesce sole pigmeo,Zwergsonnenbarsch,Słońcak karłowaty,Карликовый солнечник,小日鱸,ピグミーサンフィッシュ,Slunečnice trpasličí,Peixe-sol Pigmeu,Pigme Güneş balığı,피그미 썬피쉬,Карликова еласома,Pygmy Sunfish
050008EE,Glassfish,Pez de cristal,Poisson-verre,Pesce di vetro,Glasbarsch,Szkleniec,Стеклянный окунь,玻璃魚,ガラスフィッシュ,Okounek sklovitý,Peixe-Vidro,Cambalık,글라스피쉬,Скляний окунь,Glassfish
050008EF,Goldfish,Pez de colores,Cyprin doré,Pesce rosso,Goldfisch,Złota rybka,Золотая рыбка,金魚,金魚,Zlatá rybka,Peixe-Dourado,Süs balığı,금붕어,Золота рибка,Goldfish
050008F0,Angler Larvae,Larvas de pejesapo,Larve de lotte,Larva di rana pescatrice,Seeteufellarve,Narybek żabnicy,Малек удильщика,燈籠幼魚,アンコウの幼生,Larva mořského ďasa,Larva de Tamboril,Fener Balığı Larvası,초롱아귀 유생,Мальок вудильника,Angler Larvae
050008F1,Lyretail Anthias,Anthias cola de lira,Anthias lyrique,Anthias,Prachtkärpfling,Złotek morski,Лирохвостый окунь,絲鰭擬花鮨,リラテイル・アンティアス,Zlatošupinatka,Lyretail Anthias,Hani balığı,금강바리,Баслет,Lyretail Anthias
050008F2,Juvenile Mudcrab,Cangrejo del barro joven,Vasard juvénile,Piccolo di granchio del fango,Junge Schlammkrabbe,Młody krab błotny,Молодой грязевой краб,泥沼蟹幼蟹,マッドクラブの幼生,Mládě blátokraba,Caranguejo da Lama Juvenil,Yavru Yengeç,어린 진흙게,Дитинча багнокраба,Juvenile Mudcrab
050008F3,Spadefish,Pez espátula,Poisson-pique,Pesce picchiere atlantico,Spatenfisch,Szpadlak,Рыба-лопата,燕魚,スペードフィッシュ,Netopýrník,Peixe-Espada,Maça balığı,벳피쉬,Платакс,Spadefish
05000D62,Alocasia Fruit,Fruto de alocasia,Fruit d'alocasia,Frutto di alocasia,Alocasia-Frucht,Owoc alokazji,Плод алоказии,海芋果,アロカシアの果実,Hlíza alokázie,Fruto Alocasia,Filkulağı Meyvesi,알로카시아 열매,Плід алоказії,Alocasia Fruit
05000D66,Aster Bloom Core,Corazón de aster,Coeur de fleur d'aster,Nucleo di fiore astro,Asternblütenkern,Dno kwiatowe astra,Цветок астры,紫苑花核,アスター・ブルームの根,Jádro hvězdokvětu,Núcleo de Aster Bloom,Yıldızçiçeği Çekirdeği,불가사리 꽃 응어리,Ядро зорецвіту,Aster Bloom Core
05000D68,Bittergreen Petals,Pétalos de verde amargo,Pétales de fleur d'amertume,Petali di verdamaro,Bittergrünblätter,Płatki gorzkowoju,Лепестки горьколистника,苦綠草花瓣,ビターグリーンの花びら,Okvětní lístky žlučnice,Pétalas Verde-Amargo,Acıyeşil Yaprakları,비터그린 꽃잎,Пелюстки гіркозілля,Bittergreen Petals
05000D6A,Blister Pod Cap,Capuchón de vainas,Chapeau de carpophore,Cappelli di fungo vescica,Blasenschoten-Kappe,Kapelusz odciśnika,Шляпка волдырника,水泡莢傘菌,ブリスター・ポッドのかさ,Hlava puchýřovky,Cogumelo Blister Pod,Koza Mantarı,수포 꼬투리 버섯,Шапка пухирника,Blister Pod Cap
05000D6C,Bog Beacon,Faro de pantano,Mitrula palidosa,Mitrula paludosa,Sumpf-Haubenpilz,Bagienna dioda,Болотная митрула,沼澤燈塔菇,カンムリタケ,Čapulka bahenní,Luz do Pântano,Bataklık Feneri,습지 봉화 버섯,Мочарний маяк,Bog Beacon
05059151,Green Butterfly Wing,Ala de mariposa verde,Aile de papillon vert,Ala di farfalla verde,Grüner Schmetterlingsflügel,Skrzydło zielonego motyla,Крыло зеленой бабочки,綠蝶翅膀,緑の蝶の羽,Křídlo zeleného motýla,Asa de Borboleta Verde,Yeşil Kelebek Kanadı,녹색 나비 날개,Крильце зеленого метелика,Green Butterfly Wing
05059153,Purple Butterfly Wing,Ala de mariposa violeta,Aile de papillon violet,Ala di farfalla viola,Lila Schmetterlingsflügel,Skrzydło fioletowego motyla,Крыло фиолетовой бабочки,紫蝶翅膀,紫の蝶の羽,Křídlo fialového motýla,Asa de Borboleta Roxa,Mor Kelebek Kanadı,보라색 나비 날개,Крильце бузкового метелика,Purple Butterfly Wing
05059155,Bliss Bug Thorax,Tórax de bicho de la felicidad,Thorax d'insecte béat,Torace di insetto beato,Glückseligkeits-Käferbrust,Tułów robaczka rozkoszy,Торакс жука из Блисса,極樂蟲胸殼,幸福の虫の腹部,Tělo brouka blaženosti,Tórax de Inseto da Felicidade,Sefa Böceği Gövdesi,환희의 벌레 흉부,Черевце блаженця,Bliss Bug Thorax
05095E23,Flame Stalk,Tallo de fuego,Tige de flamme,Cacciatore del fuoco,Flammenstängel,Płomienna łodyga,Огненный гриб,火焰莖,炎の塩鉱石,Ohnivý stonek,Caule de Chamas ,Alev Sapı,불꽃 줄기,Полум'яний стеблик,Flame Stalk
